time,force,position,velocity,acceleration,kinetic_energy,gravitational_potential_energy,total_mechanic_energy
0,-0.12,0.0017,0.037,0.35,1.7180949999999996e-4,0.1226527083826087,0.12282451788260869
0.050000000000000266,-0.11,0.0041,0.056,0.38,3.9356800000000006e-4,0.1224044235478261,0.1227979915478261
0.10000000000000009,-0.12,0.0074,0.076,0.383,7.24888e-4,0.1220630319,0.1227879199
0.15000000000000036,-0.13,0.0116,0.095,0.377,0.0011326375,0.12162853343913044,0.12276117093913044
0.20000000000000018,-0.12,0.0169,0.113,0.375,0.0016025095000000002,0.12108023776231885,0.12268274726231886
0.25,-0.11,0.023,0.132,0.377,0.0021867120000000004,0.12044918047391305,0.12263589247391304
0.30000000000000027,-0.12,0.03,0.151,0.387,0.0028615255,0.11972501637246377,0.12258654187246378
0.3500000000000001,-0.11,0.0381,0.17,0.402,0.0036269500000000007,0.11888705505507247,0.12251400505507247
0.40000000000000036,-0.11,0.047,0.191,0.42,0.0045783655,0.11796633212608697,0.12254469762608697
0.4500000000000002,-0.13,0.057,0.212,0.435,0.005640472,0.11693181198115943,0.12257228398115942
0.5,-0.11,0.0683,0.235,0.433,0.0069307375,0.11576280421739131,0.12269354171739132
0.5500000000000003,-0.11,0.0805,0.257,0.406,0.008289149499999999,0.11450068964057972,0.12278983914057971
0.6000000000000001,-0.13,0.094,0.276,0.365,0.009560088000000001,0.11310408744492755,0.12266417544492755
0.6500000000000004,-0.12,0.1083,0.293,0.342,0.010774049499999999,0.11162472363768117,0.12239877313768116
0.7000000000000002,-0.11,0.1233,0.308,0.358,0.011905432,0.11007294342028986,0.12197837542028986
0.75,-0.13,0.139,0.327,0.402,0.0134195895,0.10844874679275363,0.12186833629275362
0.8000000000000003,-0.12,0.1558,0.349,0.427,0.015286025499999998,0.10671075294927537,0.12199677844927537
0.8500000000000001,-0.12,0.1739,0.372,0.407,0.017367192,0.10483827148695653,0.12220546348695653
0.9000000000000004,-0.12,0.1932,0.391,0.365,0.019186565500000002,0.10284164760724637,0.12202821310724637
0.9500000000000002,-0.11,0.2133,0.407,0.354,0.020788949499999997,0.10076226211594203,0.12155121161594203
1,-0.12,0.2338,0.424,0.387,0.022561888,0.09864149581884059,0.12120338381884059
1.0500000000000003,-0.13,0.2554,0.446,0.412,0.024963958,0.0964069323057971,0.12137089030579709
1.1,-0.12,0.2783,0.468,0.396,0.027487512000000002,0.09403788117391304,0.12152539317391305
1.1500000000000004,-0.11,0.3025,0.486,0.366,0.029642598,0.0915343424231884,0.12117694042318841
1.2000000000000002,-0.13,0.3272,0.502,0.366,0.031626502,0.0889790776652174,0.1206055796652174
1.25,-0.12,0.3524,0.522,0.384,0.034196742,0.08637208689999999,0.1205688289
1.3000000000000003,-0.12,0.3792,0.543,0.387,0.0370035495,0.0835995729115942,0.12060312241159421
1.35,-0.13,0.4071,0.561,0.38,0.03949748550000001,0.08071326170724637,0.12021074720724638
1.4000000000000004,-0.12,0.4353,0.579,0.38,0.042072745499999994,0.07779591489855073,0.11986866039855072
1.4500000000000002,-0.13,0.4646,0.599,0.383,0.0450295255,0.07476477087391305,0.11979429637391305
1.5,-0.12,0.4955,0.618,0.377,0.047931462,0.07156810362608695,0.11949956562608696
1.5499999999999998,-0.11,0.5268,0.637,0.372,0.0509240095,0.06833005557246377,0.11925406507246378
1.6000000000000005,-0.13,0.5587,0.655,0.376,0.053842637500000005,0.06502993631014493,0.11887257381014493
1.6500000000000004,-0.14,0.5924,0.674,0.379,0.05701163800000001,0.06154360342173913,0.11855524142173915
1.7000000000000002,-0.12,0.6264,0.694,0.377,0.06044531799999999,0.058026234928985516,0.11847155292898551
1.75,-0.12,0.6612,0.712,0.377,0.063621472,0.05442610482463768,0.11804757682463768
1.7999999999999998,-0.14,0.6979,0.731,0.373,0.0670623055,0.05062941589275363,0.11769172139275363
1.8500000000000005,-0.12,0.7345,0.75,0.371,0.07059375,0.04684307216231884,0.11743682216231884
1.9000000000000004,-0.12,0.7724,0.767,0.366,0.0738302695,0.04292224081304349,0.11675251031304348
1.9500000000000002,-0.13,0.8117,0.787,0.365,0.07773080950000001,0.03885657664347827,0.11658738614347827
2,-0.12,0.8508,0.804,0.369,0.08112520800000002,0.0348116028768116,0.11593681087681162
2.05,-0.11,0.8921,0.823,0.365,0.0850047895,0.03053903467826087,0.11554382417826087
2.1000000000000005,-0.13,0.9334,0.842,0.365,0.088974982,0.02626646647971015,0.11524144847971014
2.1500000000000004,-0.11,0.9759,0.859,0.361,0.0926040655,0.021869755863768117,0.11447382136376812
2.2,-0.12,1.0196,0.878,0.193,0.096745942,0.01734890283043478,0.11409484483043478
2.25,-0.13,1.0635,0.895,-1.023,0.1005286375,0.01280735939420291,0.11333599689420291
2.3,-0.11,1.1092,0.863,-3.941,0.0934685095,0.008079602331884064,0.10154811183188407
2.3500000000000005,-0.11,1.1548,0.566,-7.448,0.04020467799999999,0.00336219047101449,0.04356686847101448
2.4000000000000004,-8.65,1.1873,0.024,-8.984,7.2288e-5,0,7.2288e-5
2.45,-0.2,1.1553,-0.5,-7.128,0.031375,0.0033104644637681193,0.03468546446376812
2.5,-0.13,1.116,-0.765,-3.576,0.0734457375,0.007376128633333325,0.08082186613333332
2.55,-0.11,1.076,-0.783,-0.81,0.0769426695,0.011514209213043473,0.08845687871304347
2.6000000000000005,-0.13,1.037,-0.766,0.296,0.073637878,0.015548837778260879,0.08918671577826089
2.6500000000000004,-0.13,0.9994,-0.742,0.457,0.069095782,0.019438633523188413,0.08853441552318841
2.7,-0.11,0.9626,-0.717,0.461,0.06451816949999999,0.02324566765652174,0.08776383715652172
2.75,-0.12,0.9278,-0.695,0.439,0.06061963749999999,0.02684579776086957,0.08746543526086956
2.8,-0.11,0.8937,-0.675,0.442,0.05718093750000001,0.03037351145507246,0.08755444895507247
2.8500000000000005,-0.13,0.8597,-0.652,0.458,0.053350552,0.03389087994782609,0.08724143194782609
2.9000000000000004,-0.13,0.8281,-0.627,0.455,0.049337689500000004,0.03715996360579711,0.08649765310579711
2.95,-0.12,0.7978,-0.606,0.446,0.046088118000000004,0.04029455964492755,0.08638267764492755
3,-0.12,0.7675,-0.585,0.451,0.042949237499999994,0.04342915568405798,0.08637839318405797
3.05,-0.12,0.7387,-0.561,0.458,0.03949748550000001,0.046408573701449275,0.08590605920144928
3.1000000000000005,-0.13,0.7117,-0.537,0.453,0.036190309500000004,0.049201778092753626,0.08539208759275363
3.1500000000000004,-0.13,0.6854,-0.516,0.453,0.033415128,0.051922566073913046,0.08533769407391305
3.2,-0.12,0.6598,-0.494,0.465,0.030626518000000002,0.054570937644927535,0.08519745564492753
3.25,-0.11,0.6358,-0.468,0.459,0.027487512000000002,0.057053785992753625,0.08454129799275363
3.3,-0.12,0.6132,-0.445,0.433,0.0248521375,0.059391801520289854,0.08424393902028986
3.3500000000000005,-0.11,0.5915,-0.426,0.428,0.022775238,0.06163671023478261,0.08441194823478261
3.4000000000000004,-0.12,0.5704,-0.405,0.465,0.020585137500000003,0.06381954774057971,0.08440468524057972
3.45,-0.14,0.5507,-0.38,0.493,0.0181222,0.06585755242608697,0.08397975242608698
3.5,-0.11,0.5325,-0.353,0.469,0.0156384295,0.06774037908985509,0.08337880858985508
3.55,-0.13,0.5156,-0.331,0.419,0.013749905500000001,0.06948871813478262,0.08323862363478263
3.6000000000000005,-0.13,0.4996,-0.313,0.406,0.0122951095,0.07114395036666667,0.08343905986666666
3.6500000000000004,-0.12,0.4842,-0.293,0.443,0.010774049499999999,0.07273711138985507,0.08351116088985507
3.7,-0.13,0.4699,-0.269,0.486,0.009081305500000001,0.07421647519710145,0.08329778069710145
3.75,-0.14,0.4573,-0.243,0.494,0.0074106495,0.07551997057971015,0.08293062007971015
3.8,-0.11,0.4459,-0.218,0.476,0.005964262,0.07669932354492755,0.08266358554492755
3.8500000000000005,-0.12,0.4355,-0.196,0.455,0.0048212080000000004,0.07777522449565218,0.08259643249565218
3.9000000000000004,-0.13,0.4262,-0.173,0.441,0.0037560894999999995,0.07873732823043478,0.08249341773043478
3.95,-0.12,0.4182,-0.151,0.43,0.0028615255,0.07956494434637681,0.08242646984637682
4,-0.12,0.4112,-0.131,0.431,0.0021537055000000003,0.0802891084478261,0.0824428139478261
4.05,-0.12,0.4051,-0.109,0.447,0.0014910655,0.08092016573623188,0.08241123123623188
4.1000000000000005,-0.13,0.4002,-0.086,0.463,9.281979999999999e-4,0.08142708060724638,0.08235527860724638
4.15,-0.12,0.3965,-0.062,0.463,4.82422e-4,0.08180985306086955,0.08229227506086954
4.2,-0.12,0.3941,-0.039,0.449,1.908855e-4,0.08205813789565218,0.08224902339565218
4.25,-0.12,0.3926,-0.017,0.427,3.62695e-5,0.0822133159173913,0.0822495854173913
4.3,-0.12,0.3924,0.004,0.403,2.008e-6,0.08223400632028985,0.08223601432028985
4.3500000000000005,-0.12,0.3931,0.023,0.383,6.63895e-5,0.08216158991014492,0.08222797941014492
4.4,-0.11,0.3948,0.042,0.375,2.2138200000000003e-4,0.08198572148550724,0.08220710348550725
4.45,-0.12,0.3973,0.06,0.377,4.518e-4,0.08172709144927537,0.08217889144927537
4.5,-0.12,0.4008,0.08,0.377,8.032e-4,0.08136500939855072,0.08216820939855073
4.55,-0.12,0.4053,0.099,0.369,0.0012300255,0.08089947533333333,0.08212950083333333
4.6000000000000005,-0.12,0.4107,0.116,0.364,0.001688728,0.08034083445507247,0.08202956245507247
4.65,-0.12,0.4169,0.134,0.371,0.0022534780000000006,0.0796994319652174,0.0819529099652174
4.7,-0.12,0.4241,0.153,0.385,0.0029378295,0.07895457746086958,0.08189240696086958
4.75,-0.11,0.4322,0.173,0.4,0.0037560894999999995,0.07811661614347828,0.08187270564347829
4.8,-0.11,0.4414,0.193,0.415,0.0046747495,0.07716485761014492,0.08183960711014493
4.8500000000000005,-0.11,0.4515,0.214,0.428,0.005747398,0.07611999226376812,0.08186739026376812
4.9,-0.13,0.4627,0.236,0.427,0.006989848,0.07496132970144928,0.08195117770144927
4.95,-0.13,0.4751,0.258,0.399,0.008353782,0.07367852472173912,0.08203230672173913
5,-0.12,0.4887,0.277,0.354,0.009629489500000003,0.07227157732463768,0.08190106682463769
5.05,-0.12,0.503,0.293,0.326,0.010774049499999999,0.0707922135173913,0.0815662630173913
5.1000000000000005,-0.12,0.518,0.308,0.338,0.011905432,0.0692404333,0.08114586530000001
5.15,-0.12,0.5337,0.325,0.381,0.013255937500000002,0.06761623667246378,0.08087217417246378
5.2,-0.12,0.5504,0.346,0.414,0.015024357999999998,0.06588858803043478,0.08091294603043478
5.25,-0.14,0.5682,0.369,0.403,0.017088205500000002,0.06404714217246377,0.08113534767246378
5.3,-0.12,0.5874,0.388,0.364,0.018893272000000003,0.062060863494202895,0.0809541354942029
5.3500000000000005,-0.13,0.6074,0.404,0.348,0.020483608000000004,0.05999182320434782,0.08047543120434783
5.4,-0.13,0.6278,0.42,0.375,0.022138199999999997,0.057881402108695655,0.08001960210869566
5.45,-0.12,0.6491,0.441,0.402,0.024407365500000004,0.055677874200000005,0.0800852397
5.500000000000001,-0.12,0.6718,0.464,0.388,0.027019648,0.0533295134710145,0.08034916147101451
5.55,-0.11,0.6958,0.481,0.358,0.029035805499999998,0.05084666512318841,0.0798824706231884
5.6000000000000005,-0.11,0.7202,0.497,0.36,0.0309996295,0.048322435969565224,0.07932206546956522
5.6499999999999995,-0.11,0.7452,0.516,0.38,0.033415128,0.04573613560724638,0.07915126360724639
5.7,-0.11,0.7715,0.537,0.381,0.036190309500000004,0.043015347626086956,0.07920565712608696
5.750000000000001,-0.12,0.7992,0.555,0.368,0.03865713750000001,0.04014972682463768,0.07880686432463768
5.8,-0.11,0.8273,0.572,0.364,0.04106159199999999,0.037242725217391304,0.07830431721739128
5.8500000000000005,-0.13,0.8559,0.591,0.368,0.0438347655,0.034283997602898554,0.07811876310289856
5.8999999999999995,-0.11,0.8864,0.61,0.365,0.04669855,0.03112871116086957,0.07782726116086958
5.95,-0.12,0.9175,0.627,0.361,0.049337689500000004,0.027911353510144933,0.07724904301014493
6.000000000000001,-0.11,0.9486,0.646,0.366,0.052373158,0.024693995859420295,0.0770671538594203
6.05,-0.1,0.9819,0.664,0.372,0.055332448000000006,0.021249043776811596,0.0765814917768116
6.1000000000000005,-0.14,1.0157,0.683,0.372,0.05854436950000001,0.01775236568695652,0.07629673518695654
6.1499999999999995,-0.12,1.0496,0.701,0.217,0.06167082549999999,0.014245342395652167,0.07591616789565216
6.2,-0.1,1.0858,0.72,-0.833,0.0650592,0.010500379471014485,0.07555957947101448
6.250000000000001,-0.12,1.1222,0.692,-3.266,0.06009743199999999,0.006734726143478254,0.06683215814347825
6.3,-0.1,1.1591,0.442,-6.112,0.024518182000000003,0.0029173468086956525,0.027435528808695656
6.3500000000000005,-6.87,1.184,-8.084e-4,-7.262,8.201557528000001e-8,3.4139164782609526e-4,3.4147366340137524e-4
6.3999999999999995,-0.04,1.1566,-0.42,-5.656,0.022138199999999997,0.003175976844927531,0.025314176844927528
6.45,-0.18,1.1245,-0.624,-2.747,0.048866688,0.006496786510144925,0.05536347451014492
6.500000000000001,-0.1,1.0926,-0.632,-0.528,0.050127712,0.009796905772463768,0.059924617772463766
6.55,-0.11,1.0609,-0.614,0.34,0.047312998,0.013076334631884064,0.06038933263188406
6.6000000000000005,-0.14,1.0306,-0.589,0.458,0.0435385855,0.0162109306710145,0.0597495161710145
6.6499999999999995,-0.11,1.0024,-0.565,0.461,0.040062737499999994,0.019128277479710153,0.059191014979710146
6.7,-0.1,0.9745,-0.543,0.451,0.0370035495,0.02201458868405797,0.059018138184057975
6.750000000000001,-0.14,0.9477,-0.521,0.449,0.034065845500000004,0.024787102672463774,0.05885294817246378
6.8,-0.1,0.9223,-0.497,0.441,0.0309996295,0.02741478384057971,0.058414413340579716
6.8500000000000005,-0.12,0.8982,-0.476,0.433,0.028435287999999996,0.029907977389855078,0.05834326538985507
6.8999999999999995,-0.13,0.8748,-0.456,0.447,0.026095968,0.03232875452898551,0.05842472252898551
6.95,-0.1,0.8524,-0.433,0.472,0.023529869499999998,0.03464607965362319,0.05817594915362319
7.000000000000001,-0.12,0.8314,-0.407,0.463,0.020788949499999997,0.03681857195797101,0.057607521457971
7.05,-0.13,0.8119,-0.384,0.426,0.018505728,0.038835886240579716,0.057341614240579715
7.1000000000000005,-0.11,0.7933,-0.365,0.411,0.016719737499999998,0.04076009371014493,0.05747983121014493
7.1499999999999995,-0.11,0.7752,-0.346,0.447,0.015024357999999998,0.04263257517246377,0.05765693317246377
7.2,-0.13,0.7584,-0.321,0.493,0.012931645500000002,0.04437056901594203,0.05730221451594203
7.250000000000001,-0.12,0.743,-0.294,0.494,0.010847717999999998,0.045963730039130436,0.056811448039130436
7.3,-0.11,0.7291,-0.27,0.455,0.009148950000000001,0.04740171304057972,0.05655066304057972
7.3500000000000005,-0.13,0.7163,-0.249,0.424,0.0077811255000000005,0.04872589882608696,0.05650702432608696
7.3999999999999995,-0.12,0.7042,-0.229,0.426,0.0065813455,0.04997766820144928,0.05655901370144928
7.45,-0.12,0.6931,-0.207,0.441,0.0053775494999999994,0.051125985562318836,0.05650353506231884
7.500000000000001,-0.12,0.6836,-0.184,0.45,0.004248928,0.05210877970000001,0.05635770770000001
7.55,-0.11,0.6748,-0.162,0.458,0.003293622,0.05301915742753624,0.05631277942753624
7.6000000000000005,-0.12,0.6672,-0.139,0.468,0.0024247855000000007,0.05380539273768116,0.05623017823768116
7.6499999999999995,-0.12,0.6609,-0.115,0.47,0.0016597375,0.05445714042898551,0.05611687792898551
7.7,-0.12,0.6558,-0.091,0.465,0.0010392655,0.054984745702898546,0.056024011202898544
7.750000000000001,-0.12,0.6518,-0.069,0.461,5.975055000000001e-4,0.05539855376086956,0.055996059260869556
7.8,-0.12,0.6489,-0.046,0.459,2.65558e-4,0.05569856460289855,0.05596412260289855
7.8500000000000005,-0.13,0.6472,-0.022,0.45,6.0741999999999995e-5,0.05587443302753624,0.05593517502753624
7.8999999999999995,-0.11,0.6467,0,0.431,0,0.055926159034782603,0.055926159034782603
7.95,-0.11,0.6473,0.021,0.415,5.534550000000001e-5,0.05586408782608696,0.05591943332608696
8,-0.12,0.6488,0.041,0.411,2.1096550000000003e-4,0.055708909804347825,0.055919875304347826
8.05,-0.11,0.6513,0.061,0.412,4.669855e-4,0.055450279768115944,0.05591726526811595
8.100000000000001,-0.11,0.6549,0.082,0.411,8.438620000000001e-4,0.05507785251594203,0.05592171451594203
8.149999999999999,-0.12,0.6595,0.103,0.408,0.0013314294999999998,0.05460197324927537,0.05593340274927537
8.2,-0.11,0.6652,0.123,0.407,0.0018986895,0.05401229676666667,0.05591098626666667
8.25,-0.13,0.6718,0.143,0.402,0.002566349499999999,0.0533295134710145,0.0558958629710145
8.3,-0.11,0.6796,0.164,0.384,0.0033754480000000005,0.05252258775797102,0.055898035757971025
8.350000000000001,-0.12,0.6883,0.182,0.36,0.004157062,0.051622555231884054,0.05577961723188406
8.399999999999999,-0.11,0.6979,0.199,0.342,0.004969925500000001,0.05062941589275363,0.05559934139275363
8.45,-0.12,0.7082,0.216,0.342,0.005855328,0.04956386014347826,0.05541918814347826
8.5,-0.12,0.7194,0.233,0.361,0.006813269500000001,0.048405197581159416,0.05521846708115942
8.55,-0.12,0.7315,0.251,0.393,0.0079066255,0.0471534282057971,0.0550600537057971
8.600000000000001,-0.11,0.7444,0.272,0.422,0.009284992,0.04581889721884058,0.05510388921884058
8.649999999999999,-0.11,0.7586,0.295,0.42,0.0109216375,0.04434987861304347,0.05527151611304347
8.7,-0.12,0.7739,0.316,0.381,0.012531928,0.04276706279130435,0.05529899079130435
8.75,-0.11,0.7904,0.333,0.334,0.013916569500000002,0.04106010455217391,0.054976674052173914
8.8,-0.14,0.8075,0.348,0.326,0.015198551999999999,0.03929107510434783,0.05448962710434783
8.850000000000001,-0.13,0.8251,0.363,0.365,0.016537009499999998,0.03747031964927537,0.05400732914927537
8.899999999999999,-0.12,0.8435,0.384,0.404,0.018505728,0.03556680258260869,0.05407253058260869
8.95,-0.1,0.8634,0.407,0.396,0.020788949499999997,0.0335081074942029,0.0542970569942029
9,-0.11,0.8844,0.426,0.358,0.022775238,0.03133561518985508,0.054110853189855077
9.05,-0.13,0.9062,0.441,0.346,0.024407365500000004,0.029080361273913044,0.053487726773913044
9.100000000000001,-0.13,0.9284,0.458,0.372,0.026325382,0.026783726552173915,0.05310910855217392
9.149999999999999,-0.11,0.9515,0.479,0.388,0.028794845499999996,0.024393985017391307,0.0531888305173913
9.2,-0.11,0.9763,0.499,0.373,0.0312496255,0.021828375057971024,0.053078000557971024
9.25,-0.12,1.0019,0.515,0.361,0.033285737499999996,0.01918000348695652,0.05246574098695651
9.3,-0.13,1.0278,0.533,0.371,0.035653169500000005,0.0165005963115942,0.052153765811594206
9.350000000000001,-0.12,1.0546,0.553,0.373,0.03837902950000001,0.013728082323188411,0.05210711182318842
9.399999999999999,-0.12,1.0834,0.572,0.032,0.04106159199999999,0.010748664305797113,0.0518102563057971
9.45,-0.12,1.1123,0.588,-1.273,0.04339087199999999,0.007758901086956517,0.05114977308695651
9.5,-0.11,1.1418,0.508,-3.548,0.032387032,0.0047070666594203,0.0370940986594203
9.55,-2.97,1.1725,0.236,-5.53,0.006989848,0.0015310898144927458,0.008520937814492745
9.600000000000001,-3.72,1.1756,-0.14,-5.602,0.0024598000000000003,0.0012103885695652218,0.003670188569565222
9.649999999999999,-0.13,1.1492,-0.423,-3.707,0.022455589499999998,0.003941521752173915,0.026397111252173915
9.7,-0.11,1.1231,-0.514,-1.409,0.033156597999999995,0.006641619330434787,0.03979821733043478
9.75,-0.14,1.098,-0.502,-0.012,0.031626502,0.009238264894202892,0.04086476689420289
9.8,-0.14,1.0727,-0.483,0.427,0.0292777695,0.01185560086086957,0.041133370360869566
9.850000000000001,-0.1,1.0489,-0.457,0.477,0.0262105495,0.014317758805797111,0.04052830830579711
9.899999999999999,-0.12,1.0272,-0.431,0.449,0.023313005499999997,0.016562667520289866,0.03987567302028987
9.95,-0.14,1.0064,-0.412,0.411,0.021302871999999997,0.018714469421739138,0.040017341421739135
10,-0.11,0.986,-0.394,0.427,0.019482118000000003,0.02082489051739131,0.040307008517391316
10.05,-0.14,0.9666,-0.371,0.473,0.0172739455,0.022831859598550726,0.040105805098550724
10.100000000000001,-0.12,0.9488,-0.344,0.482,0.014851167999999998,0.024673305456521744,0.03952447345652174
10.149999999999999,-0.11,0.9324,-0.32,0.449,0.0128512,0.026369918494202903,0.0392211184942029
10.2,-0.12,0.917,-0.3,0.415,0.011295,0.027963079517391302,0.0392580795173913
10.25,-0.12,0.9023,-0.28,0.407,0.009839200000000001,0.029483824130434787,0.039323024130434786
10.3,-0.12,0.8889,-0.26,0.418,0.008483800000000001,0.030870081124637683,0.03935388112463768
10.350000000000001,-0.12,0.8765,-0.238,0.441,0.007108821999999999,0.032152886104347835,0.039261708104347835
10.399999999999999,-0.11,0.865,-0.216,0.47,0.005855328,0.0333425842710145,0.0391979122710145
10.45,-0.11,0.8547,-0.191,0.486,0.0045783655,0.03440814002028986,0.03898650552028986
10.5,-0.12,0.8458,-0.166,0.473,0.0034582780000000004,0.03532886294927536,0.038787140949275364
10.55,-0.12,0.8383,-0.143,0.443,0.002566349499999999,0.03610475305797101,0.038671102557971015
10.600000000000001,-0.12,0.8316,-0.122,0.426,0.001867942,0.036797881555072465,0.03866582355507246
10.649999999999999,-0.11,0.8259,-0.101,0.423,0.0012802255000000002,0.037387558037681165,0.03866778353768117
10.7,-0.11,0.8214,-0.08,0.418,8.032e-4,0.03785309210289855,0.038656292102898546
10.75,-0.12,0.818,-0.059,0.407,4.368655e-4,0.03820482895217392,0.03864169445217392
10.8,-0.11,0.8156,-0.04,0.402,2.008e-4,0.038453113786956525,0.038653913786956526
10.850000000000001,-0.11,0.814,-0.019,0.403,4.53055e-5,0.03861863701014493,0.03866394251014493
10.899999999999999,-0.12,0.8135,0.001,0.399,1.255e-7,0.03867036301739131,0.03867048851739131
10.95,-0.12,0.8143,0.021,0.388,5.534550000000001e-5,0.0385876014057971,0.0386429469057971
11,-0.11,0.8157,0.04,0.381,2.008e-4,0.03844276858550725,0.03864356858550725
11.05,-0.12,0.8182,0.059,0.38,4.368655e-4,0.03818413854927536,0.03862100404927536
11.100000000000001,-0.11,0.8216,0.078,0.379,7.63542e-4,0.037832401700000004,0.0385959437
11.149999999999999,-0.11,0.826,0.097,0.379,0.0011808295000000002,0.03737721283623189,0.03855804233623189
11.2,-0.11,0.8313,0.115,0.389,0.0016597375,0.036828917159420285,0.038488654659420286
11.25,-0.13,0.8374,0.135,0.408,0.0022872375000000003,0.03619785987101449,0.038485097371014486
11.3,-0.11,0.8447,0.156,0.422,0.003054168,0.035442660165217396,0.0384968281652174
11.350000000000001,-0.11,0.8531,0.178,0.422,0.003976342,0.03457366324347827,0.03855000524347827
11.399999999999999,-0.12,0.8625,0.199,0.408,0.004969925500000001,0.03360121430724637,0.03857113980724637
11.45,-0.12,0.873,0.219,0.383,0.0060191055,0.03251496815507247,0.03853407365507247
11.5,-0.12,0.8845,0.238,0.348,0.007108821999999999,0.031325269988405804,0.038434091988405805
11.55,-0.11,0.8969,0.254,0.321,0.008096758,0.03004246500869565,0.03813922300869565
11.600000000000001,-0.11,0.91,0.268,0.326,0.009013912000000002,0.028687243618840577,0.037701155618840576
11.649999999999999,-0.11,0.9237,0.285,0.368,0.0101937375,0.02726995102028986,0.03746368852028986
11.7,-0.12,0.9382,0.305,0.415,0.0116746375,0.025769896810144924,0.037444534310144925
11.75,-0.11,0.954,0.328,0.424,0.013501792000000002,0.02413535498115943,0.03763714698115943
11.8,-0.11,0.9711,0.35,0.387,0.015373749999999999,0.02236632553333334,0.037740075533333334
11.850000000000001,-0.12,0.9891,0.367,0.341,0.0169034695,0.020504189272463773,0.03740765877246377
11.899999999999999,-0.11,1.0079,0.382,0.337,0.018313462,0.0185592914,0.0368727534
11.95,-0.11,1.0272,0.398,0.376,0.019879702000000003,0.016562667520289866,0.03644236952028987
12,-0.12,1.0475,0.42,0.404,0.022138199999999997,0.01446259162608695,0.03660079162608695
12.05,-0.11,1.069,0.442,0.387,0.024518182000000003,0.01223837331449276,0.03675655531449276
12.100000000000001,-0.11,1.092,0.459,0.222,0.0264404655,0.009858976981159414,0.03629944248115941
12.149999999999999,-0.11,1.1152,0.475,-0.555,0.0283159375,0.007458890244927542,0.03577482774492754
12.2,-0.11,1.139,0.454,-2.237,0.025867558000000002,0.004996732300000001,0.030864290300000003
12.25,-0.15,1.1644,0.281,-4.123,0.009909605500000002,0.0023690511318840497,0.012278656631884051
12.3,-4.51,1.1789,-0.018,-4.778,4.0662e-5,8.689969217391267e-4,9.096589217391267e-4
12.350000000000001,-0.18,1.1596,-0.291,-3.577,0.010627465499999999,0.0028656208014492817,0.01349308630144928
12.399999999999999,-0.11,1.1383,-0.408,-1.599,0.020891231999999996,0.00506914871014492,0.025960380710144917
12.45,-0.13,1.1178,-0.402,-0.182,0.020281302000000005,0.007189915007246389,0.027471217007246394
12.5,-0.11,1.0983,-0.386,0.337,0.018698998,0.00920722928985507,0.02790622728985507
12.55,-0.11,1.079,-0.367,0.434,0.0169034695,0.011203853169565223,0.028107322669565223
12.600000000000001,-0.14,1.0612,-0.342,0.482,0.014678982000000002,0.013045299027536244,0.027724281027536248
12.649999999999999,-0.12,1.0448,-0.316,0.485,0.012531928,0.014741912065217399,0.027273840065217398
12.7,-0.12,1.0298,-0.293,0.454,0.010774049499999999,0.016293692282608692,0.027067741782608692
12.75,-0.12,1.0156,-0.271,0.42,0.009216845500000001,0.017762710888405794,0.026979556388405795
12.8,-0.12,1.0026,-0.251,0.402,0.0079066255,0.0191075870768116,0.0270142125768116
12.850000000000001,-0.12,0.9906,-0.232,0.404,0.006754912,0.020349011250724636,0.027103923250724637
12.899999999999999,-0.12,0.9794,-0.212,0.43,0.005640472,0.021507673813043474,0.027148145813043475
12.95,-0.12,0.9692,-0.189,0.461,0.004482985500000001,0.022562884360869576,0.027045869860869577
13,-0.11,0.9604,-0.165,0.474,0.0034167375,0.023473262088405795,0.026889999588405794
13.05,-0.12,0.9529,-0.141,0.468,0.0024950654999999996,0.024249152197101453,0.026744217697101454
13.100000000000001,-0.11,0.9465,-0.118,0.455,0.001747462,0.024911245089855073,0.02665870708985507
13.149999999999999,-0.13,0.941,-0.095,0.443,0.0011326375,0.025480231169565225,0.026612868669565224
13.2,-0.13,0.9369,-0.073,0.427,6.687895e-4,0.025904384428985513,0.026573173928985512
13.25,-0.11,0.9338,-0.053,0.412,3.525295e-4,0.02622508567391305,0.02657761517391305
13.3,-0.12,0.9317,-0.033,0.408,1.3666950000000002e-4,0.026442334904347834,0.026579004404347833
13.350000000000001,-0.12,0.9304,-0.012,0.41,1.8072e-5,0.02657682252318841,0.02659489452318841
13.399999999999999,-0.12,0.9304,0.009,0.403,1.01655e-5,0.02657682252318841,0.02658698802318841
13.45,-0.12,0.9314,0.029,0.389,1.055455e-4,0.026473370508695655,0.026578916008695653
13.5,-0.12,0.9334,0.047,0.383,2.772295e-4,0.02626646647971015,0.02654369597971015
13.55,-0.11,0.9361,0.066,0.388,5.466780000000001e-4,0.025987146040579705,0.026533824040579704
13.599999999999998,-0.13,0.9399,0.086,0.397,9.281979999999999e-4,0.025594028385507252,0.026522226385507254
13.649999999999999,-0.12,0.9448,0.106,0.404,0.001410118,0.02508711351449276,0.026497231514492757
13.7,-0.11,0.9506,0.127,0.41,0.0020241895,0.024487091830434782,0.02651128133043478
13.75,-0.12,0.9574,0.147,0.411,0.0027119294999999994,0.023783618131884055,0.026495547631884053
13.8,-0.12,0.9652,0.168,0.402,0.0035421120000000005,0.022976692418840587,0.026518804418840587
13.849999999999998,-0.11,0.9742,0.188,0.379,0.004435672,0.022045624288405802,0.0264812962884058
13.899999999999999,-0.11,0.9842,0.206,0.35,0.005325717999999999,0.021011104143478267,0.026336822143478267
13.95,-0.11,0.9948,0.223,0.329,0.0062409895,0.019914512789855073,0.026155502289855075
14,-0.11,1.0065,0.238,0.323,0.007108821999999999,0.018704124220289862,0.02581294622028986
14.05,-0.12,1.0187,0.254,0.344,0.008096758,0.01744200964347827,0.025538767643478268
14.099999999999998,-0.12,1.0318,0.272,0.384,0.009284992,0.016086788253623186,0.02537178025362319
14.149999999999999,-0.12,1.0458,0.293,0.416,0.010774049499999999,0.014638460050724634,0.025412509550724632
14.2,-0.12,1.0609,0.315,0.407,0.012452737500000002,0.013076334631884064,0.025529072131884066
14.25,-0.11,1.0774,0.335,0.36,0.014084237500000003,0.011369376392753634,0.025453613892753635
14.3,-0.1,1.0948,0.351,0.323,0.015461725499999999,0.009569311340579712,0.02503103684057971
14.349999999999998,-0.11,1.1126,0.365,0.116,0.016719737499999998,0.007727865482608694,0.02444760298260869
14.399999999999999,-0.12,1.131,0.383,-0.729,0.0184094695,0.005824348415942031,0.024233817915942032
14.45,-0.11,1.1507,0.338,-2.27,0.014337622000000001,0.0037863437304347792,0.01812396573043478
14.5,-2.05,1.1715,0.159,-3.637,0.0031727655000000003,0.001634541828985511,0.004807307328985511
14.55,-2.57,1.1736,-0.092,-3.676,0.001062232,0.0014172925985507293,0.0024795245985507293
14.599999999999998,-0.11,1.1558,-0.278,-2.344,0.009699142000000003,0.003258738456521748,0.01295788045652175
14.649999999999999,-0.09,1.1388,-0.328,-0.763,0.013501792000000002,0.005017422702898549,0.01851921470289855
14.7,-0.14,1.123,-0.309,0.152,0.0119828655,0.00665196453188406,0.01863483003188406
14.75,-0.09,1.108,-0.29,0.391,0.01055455,0.008203744749275354,0.018758294749275352
14.8,-0.1,1.0939,-0.27,0.403,0.009148950000000001,0.009662418153623181,0.018811368153623182
14.849999999999998,-0.13,1.0809,-0.249,0.422,0.0077811255000000005,0.01100729434202899,0.01878841984202899
14.899999999999999,-0.11,1.069,-0.228,0.45,0.006523992,0.01223837331449276,0.01876236531449276
14.95,-0.11,1.058,-0.205,0.478,0.005274137499999999,0.01337634547391304,0.01865048297391304
15,-0.12,1.0483,-0.179,0.484,0.0040211455,0.014379830014492754,0.018400975514492754
15.05,-0.11,1.0402,-0.155,0.459,0.0030151375000000004,0.015217791331884058,0.018232928831884057
15.099999999999998,-0.12,1.033,-0.133,0.431,0.0022199695000000006,0.015962645836231894,0.018182615336231896
15.149999999999999,-0.14,1.0268,-0.113,0.422,0.0016025095000000002,0.016604048326086966,0.018206557826086968
15.2,-0.11,1.0216,-0.092,0.424,0.001062232,0.01714199880144927,0.01820423080144927
15.25,-0.1,1.0176,-0.07,0.418,6.149500000000001e-4,0.017555806859420285,0.018170756859420285
15.3,-0.12,1.0147,-0.049,0.4,3.0132550000000003e-4,0.017855817701449284,0.018157143201449285
15.349999999999998,-0.11,1.0128,-0.03,0.385,1.1295e-4,0.018052376528985517,0.018165326528985518
15.399999999999999,-0.11,1.0117,-0.011,0.379,1.5185499999999999e-5,0.018166173744927534,0.018181359244927534
15.45,-0.13,1.0116,0.008,0.375,8.032e-6,0.01817651894637681,0.01818455094637681
15.5,-0.12,1.0125,0.026,0.372,8.483799999999999e-5,0.01808341213333334,0.01816825013333334
15.55,-0.11,1.0142,0.044,0.375,2.4296799999999998e-4,0.017907543708695656,0.018150511708695655
15.599999999999998,-0.12,1.0169,0.063,0.379,4.981095e-4,0.01762822326956523,0.01812633276956523
15.649999999999999,-0.12,1.0205,0.083,0.38,8.645695000000001e-4,0.01725579601739131,0.01812036551739131
15.7,-0.11,1.0253,0.101,0.381,0.0012802255000000002,0.01675922634782608,0.018039451847826078
15.75,-0.11,1.0307,0.12,0.389,0.0018072,0.016200585469565223,0.018007785469565222
15.8,-0.12,1.0372,0.14,0.402,0.0024598000000000003,0.015528147375362332,0.017987947375362332
15.849999999999998,-0.12,1.0448,0.161,0.41,0.0032530855000000003,0.014741912065217399,0.0179949975652174
15.899999999999999,-0.11,1.0533,0.181,0.412,0.004111505499999999,0.013862569942028998,0.017974075442028996
15.95,-0.11,1.0629,0.202,0.406,0.005120902000000001,0.012869430602898557,0.01799033260289856
16,-0.11,1.0735,0.223,0.383,0.0062409895,0.011772839249275377,0.018013828749275377
16.05,-0.11,1.0852,0.241,0.348,0.007289165499999999,0.010562450679710152,0.01785161617971015
16.099999999999998,-0.11,1.0978,0.257,0.325,0.008289149499999999,0.00925895529710144,0.01754810479710144
16.15,-0.11,1.111,0.272,0.33,0.009284992,0.007893388705797104,0.017178380705797105
16.2,-0.12,1.1248,0.289,0.136,0.010481885499999998,0.0064657509057971015,0.0169476364057971
16.25,-0.11,1.1397,0.308,-0.649,0.011905432,0.004924315889855081,0.01682974788985508
16.3,-0.1,1.1559,0.262,-1.97,0.008614822000000001,0.0032483932550724736,0.011863215255072475
16.349999999999998,-2.28,1.1724,0.105,-3.007,0.0013836374999999998,0.00154143501594202,0.00292507251594202
16.4,-1.59,1.1708,-0.098,-2.867,0.0012053020000000001,0.0017069582391304307,0.0029122602391304306
16.45,-0.09,1.1562,-0.234,-1.68,0.0068718780000000005,0.003217357650724651,0.010089235650724651
16.5,-0.12,1.1425,-0.26,-0.407,0.008483800000000001,0.004634650249275357,0.013118450249275358
16.55,-0.12,1.1304,-0.238,0.275,0.007108821999999999,0.005886419624637676,0.012995241624637676
16.599999999999998,-0.09,1.1188,-0.216,0.428,0.005855328,0.007086462992753624,0.012941790992753624
16.65,-0.13,1.1086,-0.195,0.415,0.004772137500000001,0.00814167354057971,0.01291381104057971
16.7,-0.11,1.0995,-0.174,0.399,0.0037996379999999997,0.009083086872463779,0.012882724872463778
16.75,-0.1,1.0912,-0.156,0.399,0.003054168,0.009941738592753631,0.01299590659275363
16.8,-0.12,1.0838,-0.136,0.418,0.002321248,0.010707283499999993,0.013028531499999992
16.849999999999998,-0.12,1.0775,-0.114,0.438,0.001630998,0.01135903119130436,0.01299002919130436
16.9,-0.11,1.0724,-0.091,0.445,0.0010392655,0.011886636465217391,0.012925901965217392
16.95,-0.11,1.0686,-0.069,0.447,5.975055000000001e-4,0.012279754120289857,0.012877259620289856
17,-0.11,1.0655,-0.047,0.455,2.772295e-4,0.012600455365217405,0.012877684865217405
17.05,-0.12,1.0637,-0.023,0.458,6.63895e-5,0.01278666899130434,0.01285305849130434
17.099999999999998,-0.12,1.0632,-2.22e-15,0.445,6.185142000000001e-31,0.012838394998550735,0.012838394998550735
17.15,-0.11,1.0638,0.021,0.423,5.534550000000001e-5,0.012776323789855066,0.012831669289855066
17.2,-0.11,1.0654,0.042,0.407,2.2138200000000003e-4,0.012610800566666679,0.01283218256666668
17.25,-0.11,1.068,0.062,0.397,4.82422e-4,0.012341825328985503,0.012824247328985502
17.3,-0.12,1.0716,0.082,0.388,8.438620000000001e-4,0.011969398076811586,0.012813260076811587
17.349999999999998,-0.12,1.0762,0.101,0.379,0.0012802255000000002,0.011493518810144925,0.012773744310144925
17.4,-0.12,1.0817,0.119,0.371,0.0017772054999999998,0.010924532730434774,0.012701738230434774
17.45,-0.11,1.0881,0.138,0.36,0.0023900220000000003,0.010262439837681155,0.012652461837681156
17.5,-0.11,1.0955,0.156,0.346,0.003054168,0.009496894930434794,0.012551062930434793
17.55,-0.12,1.1037,0.172,0.34,0.0037127919999999995,0.008648588411594216,0.012361380411594215
17.599999999999998,-0.12,1.1127,0.189,0.35,0.004482985500000001,0.007717520281159421,0.012200505781159422
17.65,-0.1,1.1225,0.207,0.369,0.0053775494999999994,0.006703690539130431,0.012081240039130432
17.7,-0.11,1.1333,0.226,0.197,0.006410038000000001,0.005586408782608701,0.011996446782608701
17.75,-0.11,1.1451,0.245,-0.477,0.007533137499999999,0.004365675011594204,0.011898812511594203
17.8,-0.1,1.1581,0.209,-1.584,0.0054819655,0.003020798823188418,0.008502764323188418
17.849999999999998,-1.95,1.1714,0.081,-2.44,8.234055e-4,0.0016448870304347852,0.002468292530434785
17.9,-1.27,1.1697,-0.084,-2.307,8.855280000000001e-4,0.00182075545507247,0.00270628345507247
17.95,-0.09,1.1577,-0.193,-1.303,0.0046747495,0.0030621796289855147,0.007736929128985515
18,-0.12,1.1464,-0.209,-0.233,0.0054819655,0.004231187392753616,0.009713152892753617
18.05,-0.12,1.1367,-0.186,0.331,0.004341798,0.005234671933333331,0.009576469933333331
18.099999999999998,-0.11,1.128,-0.162,0.446,0.003293622,0.006134704459420303,0.009428326459420303
18.15,-0.12,1.1205,-0.141,0.424,0.0024950654999999996,0.006910594568115939,0.009405660068115938
18.2,-0.13,1.114,-0.12,0.41,0.0018072,0.007583032662318832,0.009390232662318832
18.25,-0.11,1.1085,-0.1,0.408,0.0012550000000000003,0.008152018742028984,0.009407018742028985
18.3,-0.11,1.104,-0.08,0.411,8.032e-4,0.00861755280724637,0.00942075280724637
18.349999999999998,-0.11,1.1005,-0.059,0.411,4.368655e-4,0.008979634857971014,0.009416500357971013
18.4,-0.11,1.0982,-0.038,0.407,1.81222e-4,0.009217574491304344,0.009398796491304344
18.45,-0.13,1.0967,-0.018,0.404,4.0662e-5,0.00937275251304348,0.009413414513043481
18.5,-0.11,1.0962,0.002,0.4,5.02e-7,0.009424478520289851,0.00942498052028985
18.55,-0.11,1.0969,0.022,0.388,6.0741999999999995e-5,0.009352062110144931,0.009412804110144932
18.599999999999998,-0.11,1.0985,0.041,0.372,2.1096550000000003e-4,0.009186538886956521,0.009397504386956522
18.65,-0.11,1.1011,0.059,0.361,4.368655e-4,0.008917563649275368,0.009354429149275367
18.7,-0.11,1.1045,0.077,0.36,7.440895e-4,0.008565826799999999,0.009309916299999998
18.75,-0.12,1.1087,0.095,0.362,0.0011326375,0.008131328339130436,0.009263965839130436
18.8,-0.12,1.1139,0.113,0.365,0.0016025095000000002,0.007593377863768129,0.00919588736376813
18.849999999999998,-0.12,1.1201,0.131,0.372,0.0021537055000000003,0.006951975373913036,0.009105680873913037
18.9,-0.11,1.127,0.15,0.388,0.00282375,0.006238156473913045,0.009061906473913046
18.95,-0.1,1.135,0.17,0.349,0.0036269500000000007,0.005410540357971016,0.009037490357971016
19,-0.11,1.144,0.191,0.004,0.0045783655,0.004479472227536244,0.009057837727536244
19.05,-0.12,1.1541,0.195,-0.802,0.004772137500000001,0.0034346068811594325,0.008206744381159432
19.099999999999998,-0.11,1.1653,0.126,-1.729,0.001992438,0.0022759443188405818,0.004268382318840582
19.15,-2.13,1.1721,-0.006,-2.076,4.518e-6,0.0015724706202898656,0.0015769886202898656
19.2,-0.09,1.1638,-0.127,-1.518,0.0020241895,0.002431122340579718,0.004455311840579719
19.25,-0.12,1.1539,-0.175,-0.546,0.0038434374999999996,0.0034552972840579807,0.00729873478405798
19.3,-0.1,1.1454,-0.16,0.177,0.0032128,0.004334639407246382,0.007547439407246382
19.349999999999998,-0.12,1.1379,-0.136,0.439,0.002321248,0.00511052951594204,0.00743177751594204
19.4,-0.13,1.1317,-0.113,0.453,0.0016025095000000002,0.0057519320057971115,0.007354441505797111
19.45,-0.11,1.1268,-0.091,0.433,0.0010392655,0.006258846876811593,0.007298112376811593
19.5,-0.11,1.1228,-0.07,0.42,6.149500000000001e-4,0.006672654934782609,0.0072876049347826094
19.55,-0.12,1.1197,-0.049,0.418,3.0132550000000003e-4,0.006993356179710156,0.007294681679710155
19.599999999999998,-0.12,1.1178,-0.028,0.412,9.839200000000002e-5,0.007189915007246389,0.007288307007246389
19.65,-0.11,1.1169,-0.007,0.396,6.149500000000001e-6,0.007283021820289857,0.007289171320289857
19.7,-0.11,1.1172,0.012,0.379,1.8072e-5,0.007251986215942034,0.0072700582159420345
19.75,-0.12,1.1182,0.03,0.372,1.1295e-4,0.0071485342014492685,0.007261484201449268
19.8,-0.11,1.1201,0.049,0.373,3.0132550000000003e-4,0.006951975373913036,0.007253300873913036
19.849999999999998,-0.11,1.123,0.068,0.376,5.80312e-4,0.00665196453188406,0.00723227653188406
19.9,-0.11,1.1269,0.086,0.381,9.281979999999999e-4,0.00624850167536232,0.00717669967536232
19.95,-0.12,1.1316,0.105,0.393,0.0013836374999999998,0.0057622772072463855,0.007145914707246385
20,-0.1,1.1373,0.125,0.402,0.0019609375,0.005172600724637686,0.007133538224637686
20.05,-0.1,1.1441,0.146,0.253,0.002675158,0.004469127026086969,0.00714428502608697
20.099999999999998,-0.12,1.152,0.165,-0.268,0.0034167375,0.003651856111594214,0.007068593611594214
20.15,-0.09,1.1608,0.141,-1.089,0.0024950654999999996,0.0027414783840579676,0.005236543884057967
20.2,-1.5,1.1702,0.05,-1.695,3.1375000000000006e-4,0.0017690294478260988,0.002082779447826099
20.25,-0.85,1.1682,-0.065,-1.564,5.302375000000001e-4,0.0019759334768116063,0.0025061709768116063
20.3,-0.11,1.1596,-0.137,-0.814,0.0023555095000000006,0.0028656208014492817,0.005221130301449282
20.349999999999998,-0.1,1.1519,-0.141,-0.032,0.0024950654999999996,0.003662201313043488,0.006157266813043488
20.4,-0.12,1.1454,-0.118,0.38,0.001747462,0.004334639407246382,0.006082101407246382
20.45,-0.11,1.1401,-0.094,0.469,0.001108918,0.004882935084057985,0.005991853084057985
20.5,-0.11,1.136,-0.07,0.454,6.149500000000001e-4,0.005307088343478273,0.005922038343478274
20.55,-0.12,1.1332,-0.048,0.433,2.89152e-4,0.005596753984057975,0.005885905984057975
20.599999999999998,-0.11,1.1313,-0.027,0.419,9.14895e-5,0.005793312811594208,0.005884802311594208
20.65,-0.11,1.1304,-0.007,0.414,6.149500000000001e-6,0.005886419624637676,0.005892569124637676
20.7,-0.11,1.1305,0.014,0.407,2.4598000000000004e-5,0.005876074423188401,0.005900672423188401
20.75,-0.11,1.1319,0.034,0.395,1.45078e-4,0.005731241602898563,0.005876319602898563
20.8,-0.11,1.134,0.053,0.388,3.525295e-4,0.005513992372463782,0.005866521872463781
20.849999999999998,-0.11,1.1372,0.072,0.393,6.50592e-4,0.00518294592608696,0.00583353792608696
20.9,-0.11,1.1412,0.093,0.406,0.0010854495,0.004769137868115945,0.005854587368115945
20.95,-0.1,1.1464,0.113,0.326,0.0016025095000000002,0.004231187392753616,0.005833696892753616
21,-0.11,1.1526,0.134,-0.044,0.0022534780000000006,0.003589784902898546,0.005843262902898546
21.05,-0.1,1.1598,0.129,-0.729,0.0020884455,0.0028449303985507326,0.004933375898550732
21.099999999999998,-0.84,1.1681,0.064,-1.357,5.14048e-4,0.0019862786782608804,0.0025003266782608804
21.15,-1.25,1.1695,-0.035,-1.413,1.5373750000000002e-4,0.0018414458579710186,0.0019951833579710185
21.2,-0.09,1.1621,-0.109,-0.839,0.0014910655,0.002606990765217403,0.004098056265217403
21.25,-0.11,1.1553,-0.122,-0.109,0.001867942,0.0033104644637681193,0.005178406463768119
21.3,-0.12,1.1496,-0.101,0.342,0.0012802255000000002,0.0039001409463768183,0.005180366446376819
21.349999999999998,-0.11,1.1452,-0.076,0.47,7.24888e-4,0.00435532981014493,0.00508021781014493
21.4,-0.12,1.1419,-0.053,0.469,3.525295e-4,0.004696721457971026,0.005049250957971025
21.45,-0.12,1.14,-0.03,0.457,1.1295e-4,0.004893280285507258,0.005006230285507258
21.5,-0.1,1.139,-0.007,0.443,6.149500000000001e-6,0.004996732300000001,0.005002881800000001
21.55,-0.12,1.1393,0.015,0.427,2.82375e-5,0.004965696695652178,0.004993934195652178
21.599999999999998,-0.11,1.1406,0.036,0.411,1.62648e-4,0.0048312090768115904,0.00499385707681159
21.65,-0.11,1.1429,0.056,0.403,3.9356800000000006e-4,0.004593269443478261,0.004986837443478261
21.7,-0.12,1.1462,0.076,0.4,7.24888e-4,0.004251877795652165,0.004976765795652165
21.75,-0.11,1.1504,0.096,0.287,0.001156608,0.0038173793347826015,0.004973987334782602
21.8,-0.1,1.1558,0.116,-0.113,0.001688728,0.003258738456521748,0.0049474664565217485
21.849999999999998,-0.1,1.1622,0.102,-0.746,0.0013057019999999997,0.002596645563768129,0.0039023475637681286
21.9,-1.18,1.1691,0.036,-1.213,1.62648e-4,0.0018828266637681153,0.0020454746637681154
21.95,-0.71,1.1676,-0.048,-1.109,2.89152e-4,0.0020380046855072516,0.0023271566855072516
22,-0.08,1.1611,-0.098,-0.53,0.0012053020000000001,0.002710442779710145,0.003915744779710145
22.05,-0.11,1.1558,-0.097,0.07,0.0011808295000000002,0.003258738456521748,0.004439567956521748
22.099999999999998,-0.11,1.1515,-0.074,0.389,6.872379999999998e-4,0.0037035821188405853,0.004390820118840585
22.15,-0.11,1.1482,-0.051,0.465,3.2642549999999993e-4,0.0040449737666666576,0.004371399266666657
22.2,-0.12,1.1463,-0.027,0.457,9.14895e-5,0.004241532594202891,0.004333022094202891
22.25,-0.11,1.1457,-0.004,0.435,2.008e-6,0.004303603802898559,0.004305611802898559
22.3,-0.11,1.1459,0.016,0.418,3.2128e-5,0.004282913400000011,0.004315041400000011
22.349999999999998,-0.11,1.1473,0.036,0.414,1.62648e-4,0.0041380805797101485,0.004300728579710148
22.4,-0.11,1.1496,0.057,0.411,4.077495e-4,0.0039001409463768183,0.004307890446376818
22.45,-0.09,1.153,0.078,0.298,7.63542e-4,0.003548404097101449,0.004311946097101449
22.5,-0.11,1.1574,0.097,-0.074,0.0011808295000000002,0.003093215233333337,0.004274044733333337
22.55,-0.1,1.1629,0.086,-0.643,9.281979999999999e-4,0.002524229153623186,0.003452427153623186
22.599999999999998,-1.09,1.1688,0.028,-1.048,9.839200000000002e-5,0.0019138622681159382,0.002012254268115938
22.65,-0.61,1.1673,-0.045,-0.938,2.541375e-4,0.0020690402898550743,0.002323177789855074
22.7,-0.1,1.1614,-0.087,-0.408,9.499094999999999e-4,0.0026794071753623223,0.003629316675362322
22.75,-0.1,1.1568,-0.081,0.127,8.234055e-4,0.003155286442028982,0.003978691942028982
22.8,-0.11,1.1533,-0.058,0.402,4.22182e-4,0.0035173684927536264,0.003939550492753626